0.172,0.302,0.128,0.113,0.12,0.191,0.144,0.16,0.172,0.18,0.183,0.183,0.183,0.187,0.187,0.203,0.203,0.231,0.243,0.223,0.246,0.302,0.294,0.306,0.298,0.278,0.262,0.25,0.286,0.27,0.27,0.278,0.266,0.246,0.298,0.329,0.313,0.357,0.349,0.298,0.349,0.345,0.345,0.306,0.313,0.392,0.357,0.345,0.384,0.408,0.475,0.459,0.408,0.357,0.483,0.483,0.412,0.302,0.349,0.483,0.302,0.337,0.431,0.42,0.329,0.294,0.42,0.554,0.329,0.329,0.522,0.459,0.475,0.416,0.306,0.42,0.38,0.369,0.38,0.365,0.471,0.652,0.668,0.526,0.506,0.628,0.577,0.404,0.428,0.365,0.349,0.42,0.42,0.412,0.388,0.467,0.589,0.534,0.514,0.451
0.199,0.219,0.136,0.144,0.132,0.16,0.168,0.16,0.168,0.176,0.172,0.156,0.168,0.18,0.203,0.172,0.203,0.219,0.211,0.219,0.207,0.298,0.325,0.298,0.294,0.27,0.27,0.243,0.243,0.278,0.274,0.298,0.278,0.294,0.29,0.294,0.286,0.29,0.313,0.282,0.321,0.325,0.357,0.325,0.298,0.345,0.353,0.376,0.376,0.38,0.435,0.467,0.459,0.369,0.376,0.471,0.353,0.321,0.435,0.306,0.333,0.388,0.451,0.424,0.372,0.317,0.317,0.38,0.487,0.345,0.4,0.467,0.502,0.396,0.404,0.4,0.38,0.282,0.353,0.329,0.573,0.695,0.617,0.534,0.601,0.557,0.656,0.451,0.431,0.408,0.372,0.384,0.392,0.4,0.384,0.459,0.605,0.522,0.459,0.487
0.266,0.18,0.117,0.128,0.136,0.132,0.132,0.14,0.172,0.156,0.156,0.18,0.199,0.227,0.187,0.191,0.199,0.195,0.219,0.243,0.258,0.302,0.341,0.306,0.274,0.243,0.294,0.286,0.27,0.306,0.302,0.309,0.325,0.309,0.282,0.25,0.243,0.286,0.29,0.235,0.29,0.306,0.309,0.313,0.309,0.282,0.353,0.329,0.306,0.396,0.38,0.408,0.542,0.577,0.349,0.369,0.321,0.341,0.302,0.557,0.617,0.534,0.597,0.561,0.384,0.361,0.361,0.321,0.424,0.361,0.357,0.392,0.601,0.349,0.298,0.392,0.392,0.365,0.317,0.526,0.617,0.636,0.628,0.542,0.554,0.55,0.518,0.467,0.404,0.384,0.451,0.431,0.526,0.392,0.376,0.404,0.561,0.585,0.731,0.648
0.361,0.144,0.168,0.14,0.128,0.124,0.124,0.14,0.14,0.16,0.195,0.18,0.195,0.191,0.168,0.211,0.199,0.215,0.207,0.266,0.286,0.278,0.306,0.298,0.274,0.246,0.239,0.266,0.29,0.258,0.278,0.317,0.306,0.262,0.243,0.278,0.274,0.309,0.286,0.235,0.231,0.333,0.317,0.329,0.302,0.306,0.29,0.302,0.309,0.365,0.325,0.372,0.365,0.467,0.502,0.333,0.333,0.538,0.463,0.522,0.388,0.4,0.376,0.589,0.451,0.396,0.624,0.538,0.597,0.455,0.494,0.384,0.361,0.349,0.4,0.522,0.424,0.4,0.361,0.357,0.62,0.589,0.557,0.494,0.467,0.412,0.506,0.561,0.369,0.388,0.408,0.38,0.392,0.376,0.428,0.365,0.4,0.506,0.577,0.632
0.148,0.144,0.148,0.148,0.144,0.14,0.132,0.16,0.148,0.164,0.172,0.187,0.16,0.144,0.16,0.183,0.219,0.203,0.187,0.243,0.309,0.294,0.317,0.223,0.298,0.243,0.207,0.274,0.266,0.274,0.317,0.294,0.317,0.302,0.278,0.262,0.294,0.333,0.341,0.262,0.258,0.306,0.282,0.258,0.313,0.329,0.325,0.274,0.27,0.306,0.412,0.349,0.412,0.345,0.557,0.55,0.479,0.514,0.491,0.447,0.494,0.483,0.357,0.439,0.483,0.522,0.522,0.494,0.455,0.439,0.408,0.376,0.601,0.321,0.357,0.416,0.412,0.392,0.369,0.274,0.569,0.613,0.443,0.38,0.372,0.38,0.38,0.471,0.388,0.416,0.4,0.365,0.353,0.388,0.38,0.388,0.357,0.447,0.51,0.746
0.117,0.132,0.136,0.128,0.144,0.156,0.18,0.132,0.156,0.191,0.183,0.191,0.164,0.172,0.168,0.16,0.187,0.203,0.207,0.227,0.306,0.258,0.274,0.258,0.333,0.258,0.258,0.298,0.246,0.235,0.282,0.298,0.29,0.282,0.25,0.282,0.286,0.278,0.274,0.262,0.235,0.235,0.254,0.27,0.282,0.266,0.325,0.317,0.278,0.309,0.349,0.353,0.475,0.51,0.463,0.546,0.589,0.506,0.506,0.459,0.345,0.408,0.376,0.38,0.321,0.349,0.396,0.428,0.431,0.42,0.542,0.577,0.62,0.51,0.38,0.361,0.353,0.345,0.365,0.365,0.522,0.565,0.424,0.38,0.353,0.392,0.376,0.42,0.42,0.357,0.333,0.357,0.361,0.514,0.412,0.396,0.372,0.412,0.459,0.609
0.117,0.117,0.12,0.128,0.128,0.109,0.132,0.215,0.187,0.16,0.16,0.207,0.168,0.164,0.172,0.18,0.199,0.211,0.211,0.29,0.278,0.219,0.195,0.246,0.246,0.313,0.298,0.286,0.254,0.27,0.286,0.298,0.274,0.309,0.298,0.298,0.27,0.278,0.278,0.266,0.235,0.215,0.278,0.302,0.266,0.266,0.246,0.306,0.302,0.302,0.329,0.349,0.337,0.483,0.353,0.404,0.526,0.506,0.577,0.534,0.329,0.313,0.392,0.384,0.365,0.396,0.321,0.565,0.656,0.617,0.62,0.64,0.62,0.581,0.483,0.443,0.345,0.349,0.278,0.388,0.624,0.491,0.349,0.333,0.361,0.361,0.404,0.365,0.479,0.459,0.29,0.329,0.435,0.459,0.483,0.463,0.498,0.451,0.479,0.55
0.132,0.136,0.136,0.136,0.124,0.136,0.156,0.132,0.18,0.168,0.191,0.211,0.191,0.199,0.16,0.152,0.164,0.203,0.235,0.243,0.223,0.239,0.223,0.258,0.286,0.309,0.282,0.254,0.266,0.294,0.258,0.266,0.274,0.29,0.29,0.258,0.412,0.451,0.278,0.223,0.239,0.219,0.239,0.294,0.298,0.266,0.235,0.266,0.29,0.306,0.282,0.313,0.357,0.4,0.4,0.498,0.428,0.42,0.581,0.593,0.601,0.455,0.349,0.455,0.329,0.361,0.672,0.597,0.62,0.624,0.628,0.628,0.589,0.652,0.498,0.369,0.589,0.463,0.333,0.317,0.644,0.4,0.341,0.313,0.376,0.321,0.372,0.412,0.431,0.361,0.317,0.329,0.38,0.345,0.494,0.471,0.479,0.443,0.443,0.656
0.12,0.124,0.152,0.144,0.18,0.223,0.132,0.223,0.172,0.18,0.219,0.219,0.215,0.227,0.156,0.16,0.148,0.176,0.239,0.203,0.219,0.219,0.254,0.235,0.282,0.309,0.254,0.254,0.278,0.282,0.246,0.227,0.298,0.258,0.282,0.286,0.424,0.412,0.337,0.243,0.246,0.207,0.243,0.227,0.274,0.246,0.266,0.266,0.396,0.298,0.262,0.274,0.447,0.349,0.317,0.369,0.341,0.53,0.522,0.581,0.557,0.569,0.581,0.605,0.605,0.656,0.593,0.581,0.554,0.656,0.664,0.664,0.624,0.664,0.546,0.546,0.613,0.42,0.353,0.439,0.632,0.412,0.376,0.365,0.388,0.388,0.404,0.38,0.396,0.388,0.361,0.317,0.365,0.372,0.463,0.467,0.502,0.396,0.451,0.711
0.128,0.128,0.164,0.18,0.191,0.14,0.191,0.266,0.191,0.176,0.199,0.235,0.227,0.211,0.207,0.215,0.211,0.215,0.219,0.164,0.223,0.235,0.243,0.223,0.298,0.309,0.29,0.246,0.231,0.239,0.246,0.266,0.286,0.298,0.321,0.4,0.428,0.42,0.439,0.286,0.262,0.227,0.239,0.278,0.258,0.266,0.258,0.294,0.313,0.313,0.282,0.278,0.258,0.235,0.29,0.365,0.361,0.365,0.471,0.455,0.569,0.628,0.589,0.581,0.538,0.55,0.632,0.601,0.573,0.581,0.68,0.75,0.754,0.632,0.66,0.514,0.471,0.522,0.404,0.656,0.601,0.459,0.424,0.467,0.656,0.581,0.66,0.412,0.4,0.487,0.369,0.392,0.341,0.349,0.471,0.557,0.561,0.447,0.471,0.593
0.109,0.148,0.156,0.199,0.235,0.191,0.203,0.18,0.172,0.199,0.227,0.215,0.203,0.239,0.223,0.211,0.243,0.231,0.235,0.176,0.215,0.231,0.243,0.25,0.282,0.286,0.29,0.211,0.302,0.274,0.27,0.258,0.274,0.317,0.29,0.345,0.404,0.392,0.431,0.325,0.278,0.317,0.258,0.27,0.254,0.262,0.243,0.333,0.313,0.27,0.302,0.258,0.25,0.266,0.325,0.357,0.372,0.502,0.325,0.424,0.428,0.601,0.565,0.53,0.569,0.565,0.557,0.557,0.597,0.546,0.605,0.648,0.727,0.534,0.408,0.491,0.353,0.376,0.514,0.652,0.518,0.491,0.699,0.668,0.644,0.644,0.617,0.624,0.514,0.4,0.353,0.376,0.372,0.51,0.514,0.514,0.435,0.546,0.4,0.538
0.136,0.124,0.199,0.199,0.187,0.215,0.191,0.172,0.183,0.223,0.223,0.227,0.176,0.199,0.239,0.199,0.246,0.239,0.176,0.195,0.187,0.211,0.207,0.282,0.215,0.195,0.215,0.215,0.286,0.278,0.302,0.274,0.27,0.29,0.286,0.333,0.388,0.372,0.428,0.369,0.317,0.274,0.258,0.223,0.254,0.278,0.282,0.325,0.278,0.302,0.278,0.219,0.231,0.231,0.246,0.302,0.306,0.38,0.483,0.506,0.376,0.408,0.53,0.522,0.522,0.577,0.561,0.605,0.518,0.589,0.601,0.64,0.746,0.577,0.62,0.624,0.353,0.365,0.302,0.483,0.502,0.644,0.664,0.656,0.668,0.644,0.491,0.55,0.451,0.546,0.317,0.408,0.451,0.455,0.4,0.483,0.4,0.475,0.42,0.424
0.172,0.18,0.227,0.227,0.203,0.164,0.164,0.176,0.199,0.227,0.227,0.211,0.231,0.183,0.195,0.243,0.235,0.211,0.274,0.183,0.168,0.172,0.172,0.246,0.183,0.207,0.207,0.223,0.215,0.302,0.286,0.302,0.29,0.333,0.333,0.329,0.345,0.388,0.435,0.337,0.412,0.286,0.25,0.274,0.274,0.329,0.369,0.317,0.278,0.286,0.266,0.286,0.199,0.215,0.231,0.27,0.266,0.345,0.455,0.4,0.376,0.412,0.27,0.404,0.554,0.565,0.569,0.577,0.502,0.538,0.569,0.542,0.534,0.699,0.687,0.703,0.672,0.345,0.376,0.64,0.573,0.632,0.64,0.668,0.624,0.573,0.51,0.4,0.569,0.554,0.652,0.479,0.428,0.451,0.483,0.557,0.593,0.554,0.565,0.55
0.124,0.176,0.183,0.168,0.168,0.148,0.172,0.176,0.183,0.215,0.207,0.211,0.215,0.187,0.191,0.266,0.239,0.164,0.18,0.18,0.168,0.191,0.25,0.227,0.258,0.262,0.266,0.199,0.235,0.278,0.258,0.246,0.294,0.29,0.294,0.317,0.321,0.372,0.42,0.309,0.246,0.278,0.262,0.25,0.246,0.262,0.329,0.294,0.274,0.258,0.246,0.207,0.215,0.231,0.227,0.282,0.282,0.333,0.321,0.463,0.42,0.321,0.55,0.337,0.53,0.554,0.561,0.518,0.546,0.522,0.557,0.522,0.435,0.506,0.632,0.617,0.561,0.609,0.384,0.546,0.648,0.597,0.589,0.605,0.554,0.585,0.471,0.424,0.506,0.526,0.467,0.546,0.593,0.443,0.554,0.53,0.573,0.597,0.557,0.518
0.191,0.195,0.16,0.18,0.156,0.164,0.14,0.176,0.176,0.203,0.203,0.239,0.191,0.187,0.313,0.365,0.29,0.239,0.211,0.18,0.195,0.231,0.227,0.219,0.227,0.274,0.243,0.266,0.227,0.223,0.219,0.29,0.302,0.286,0.294,0.29,0.27,0.353,0.321,0.337,0.282,0.254,0.246,0.246,0.246,0.306,0.361,0.298,0.286,0.262,0.25,0.219,0.227,0.258,0.219,0.29,0.294,0.333,0.361,0.369,0.369,0.321,0.408,0.266,0.502,0.502,0.534,0.506,0.554,0.557,0.569,0.463,0.384,0.384,0.491,0.502,0.538,0.518,0.431,0.431,0.664,0.581,0.573,0.546,0.542,0.443,0.471,0.416,0.4,0.451,0.435,0.475,0.585,0.518,0.55,0.542,0.479,0.506,0.518,0.557
0.16,0.136,0.124,0.132,0.148,0.152,0.176,0.164,0.187,0.211,0.195,0.239,0.388,0.337,0.294,0.475,0.266,0.27,0.219,0.223,0.203,0.258,0.211,0.191,0.231,0.278,0.231,0.278,0.27,0.258,0.215,0.266,0.29,0.333,0.29,0.333,0.29,0.372,0.349,0.306,0.341,0.266,0.254,0.337,0.404,0.396,0.396,0.337,0.262,0.325,0.282,0.266,0.219,0.235,0.231,0.302,0.29,0.313,0.317,0.29,0.388,0.424,0.459,0.435,0.53,0.518,0.487,0.534,0.546,0.522,0.439,0.439,0.475,0.392,0.554,0.542,0.522,0.491,0.597,0.597,0.601,0.597,0.585,0.581,0.443,0.345,0.384,0.388,0.443,0.396,0.38,0.357,0.38,0.546,0.597,0.589,0.502,0.439,0.498,0.494
0.164,0.136,0.124,0.124,0.183,0.183,0.176,0.18,0.191,0.168,0.199,0.231,0.329,0.262,0.29,0.29,0.349,0.239,0.235,0.25,0.176,0.266,0.243,0.207,0.195,0.191,0.207,0.235,0.207,0.211,0.282,0.243,0.317,0.313,0.286,0.278,0.325,0.306,0.254,0.298,0.349,0.27,0.361,0.313,0.294,0.353,0.298,0.278,0.298,0.345,0.274,0.262,0.246,0.211,0.227,0.298,0.313,0.365,0.27,0.243,0.298,0.38,0.333,0.408,0.467,0.487,0.428,0.479,0.542,0.522,0.459,0.506,0.369,0.317,0.491,0.491,0.573,0.506,0.372,0.451,0.569,0.565,0.565,0.581,0.337,0.302,0.369,0.4,0.345,0.321,0.329,0.408,0.491,0.357,0.534,0.557,0.431,0.463,0.4,0.55
0.16,0.144,0.128,0.124,0.156,0.199,0.172,0.176,0.211,0.195,0.207,0.266,0.337,0.243,0.29,0.345,0.231,0.211,0.227,0.195,0.246,0.207,0.168,0.187,0.231,0.187,0.203,0.187,0.183,0.18,0.302,0.262,0.282,0.309,0.258,0.243,0.345,0.254,0.302,0.274,0.396,0.325,0.321,0.317,0.384,0.29,0.254,0.286,0.345,0.376,0.349,0.246,0.215,0.239,0.203,0.27,0.396,0.258,0.246,0.278,0.266,0.471,0.376,0.309,0.455,0.498,0.487,0.475,0.459,0.487,0.502,0.302,0.365,0.483,0.38,0.4,0.428,0.491,0.384,0.416,0.518,0.439,0.557,0.408,0.341,0.294,0.341,0.298,0.349,0.317,0.309,0.353,0.38,0.353,0.329,0.353,0.447,0.447,0.463,0.42
0.152,0.164,0.128,0.18,0.164,0.168,0.176,0.18,0.187,0.187,0.243,0.278,0.333,0.239,0.282,0.286,0.25,0.219,0.262,0.235,0.227,0.203,0.172,0.168,0.243,0.199,0.195,0.16,0.183,0.187,0.262,0.294,0.29,0.239,0.27,0.246,0.29,0.231,0.223,0.278,0.298,0.353,0.325,0.353,0.349,0.29,0.278,0.341,0.361,0.329,0.361,0.317,0.262,0.258,0.294,0.274,0.266,0.235,0.231,0.254,0.302,0.404,0.487,0.329,0.376,0.361,0.467,0.467,0.353,0.337,0.329,0.302,0.341,0.483,0.298,0.274,0.325,0.286,0.349,0.396,0.506,0.459,0.487,0.384,0.372,0.341,0.286,0.333,0.341,0.309,0.329,0.353,0.408,0.329,0.412,0.447,0.577,0.534,0.4,0.408
0.132,0.136,0.152,0.191,0.191,0.18,0.191,0.183,0.156,0.199,0.191,0.262,0.353,0.191,0.172,0.183,0.262,0.246,0.207,0.243,0.187,0.243,0.187,0.172,0.199,0.219,0.168,0.203,0.231,0.207,0.286,0.25,0.274,0.243,0.231,0.239,0.25,0.29,0.258,0.215,0.376,0.29,0.294,0.361,0.341,0.298,0.325,0.294,0.341,0.321,0.337,0.306,0.294,0.262,0.321,0.254,0.239,0.254,0.231,0.298,0.262,0.309,0.514,0.309,0.341,0.365,0.361,0.298,0.306,0.341,0.298,0.309,0.392,0.388,0.325,0.309,0.278,0.27,0.298,0.353,0.384,0.502,0.51,0.298,0.333,0.286,0.298,0.321,0.337,0.302,0.333,0.392,0.447,0.431,0.416,0.506,0.467,0.51,0.672,0.636
0.128,0.117,0.14,0.168,0.176,0.203,0.215,0.207,0.164,0.183,0.223,0.231,0.25,0.187,0.183,0.164,0.183,0.176,0.199,0.199,0.183,0.172,0.191,0.168,0.187,0.215,0.187,0.195,0.183,0.203,0.254,0.25,0.254,0.239,0.227,0.274,0.223,0.258,0.239,0.258,0.435,0.321,0.306,0.38,0.345,0.321,0.298,0.313,0.365,0.306,0.361,0.25,0.408,0.361,0.357,0.306,0.286,0.258,0.27,0.274,0.306,0.294,0.522,0.435,0.345,0.471,0.534,0.412,0.416,0.294,0.341,0.455,0.42,0.325,0.317,0.306,0.274,0.294,0.298,0.384,0.306,0.337,0.329,0.274,0.298,0.298,0.302,0.286,0.302,0.325,0.329,0.384,0.534,0.601,0.475,0.487,0.534,0.487,0.546,0.51
0.12,0.124,0.14,0.14,0.172,0.164,0.195,0.183,0.211,0.195,0.16,0.309,0.262,0.195,0.195,0.211,0.203,0.16,0.172,0.183,0.27,0.231,0.18,0.164,0.215,0.231,0.207,0.223,0.215,0.282,0.219,0.239,0.231,0.266,0.25,0.27,0.286,0.306,0.258,0.294,0.396,0.392,0.329,0.317,0.294,0.416,0.286,0.294,0.313,0.302,0.4,0.258,0.313,0.278,0.325,0.341,0.294,0.333,0.337,0.337,0.309,0.392,0.475,0.522,0.557,0.546,0.471,0.518,0.463,0.408,0.349,0.487,0.581,0.408,0.294,0.29,0.294,0.29,0.274,0.274,0.298,0.29,0.274,0.298,0.266,0.306,0.27,0.282,0.317,0.321,0.349,0.357,0.447,0.656,0.636,0.632,0.557,0.459,0.597,0.542
0.113,0.124,0.124,0.12,0.105,0.605,0.195,0.231,0.191,0.124,0.172,0.345,0.29,0.183,0.211,0.215,0.223,0.195,0.164,0.172,0.191,0.246,0.172,0.207,0.203,0.239,0.246,0.211,0.187,0.211,0.235,0.231,0.274,0.231,0.227,0.25,0.243,0.274,0.309,0.298,0.337,0.353,0.392,0.376,0.341,0.329,0.329,0.313,0.341,0.333,0.369,0.262,0.365,0.345,0.329,0.27,0.29,0.372,0.294,0.333,0.25,0.27,0.353,0.475,0.597,0.491,0.538,0.502,0.487,0.376,0.451,0.506,0.522,0.412,0.357,0.369,0.317,0.302,0.384,0.341,0.329,0.321,0.313,0.313,0.369,0.38,0.353,0.313,0.313,0.376,0.439,0.384,0.51,0.609,0.624,0.652,0.648,0.593,0.691,0.589
0.124,0.128,0.132,0.105,0.156,0.124,0.168,0.341,0.164,0.144,0.168,0.282,0.156,0.18,0.223,0.231,0.215,0.262,0.219,0.191,0.183,0.191,0.207,0.239,0.246,0.294,0.219,0.219,0.191,0.231,0.258,0.254,0.25,0.215,0.191,0.258,0.302,0.266,0.298,0.29,0.298,0.353,0.282,0.357,0.369,0.321,0.317,0.325,0.357,0.317,0.341,0.278,0.361,0.372,0.4,0.337,0.372,0.38,0.341,0.302,0.286,0.266,0.361,0.431,0.309,0.306,0.309,0.361,0.475,0.435,0.325,0.258,0.349,0.262,0.306,0.29,0.337,0.333,0.369,0.325,0.329,0.483,0.333,0.321,0.337,0.369,0.416,0.4,0.329,0.412,0.475,0.483,0.589,0.617,0.617,0.624,0.656,0.64,0.64,0.628
0.124,0.148,0.156,0.136,0.12,0.136,0.172,0.455,0.18,0.195,0.144,0.14,0.132,0.215,0.227,0.254,0.274,0.246,0.187,0.18,0.195,0.176,0.223,0.27,0.262,0.223,0.183,0.187,0.207,0.207,0.254,0.274,0.239,0.215,0.231,0.219,0.254,0.349,0.325,0.294,0.266,0.286,0.262,0.329,0.345,0.306,0.329,0.274,0.278,0.302,0.27,0.333,0.357,0.313,0.361,0.392,0.404,0.396,0.353,0.361,0.333,0.345,0.353,0.361,0.309,0.298,0.333,0.294,0.313,0.357,0.282,0.286,0.254,0.258,0.254,0.298,0.329,0.325,0.302,0.349,0.357,0.317,0.345,0.337,0.447,0.349,0.384,0.514,0.502,0.609,0.624,0.542,0.408,0.569,0.617,0.617,0.609,0.632,0.648,0.628
0.128,0.148,0.156,0.152,0.183,0.183,0.168,0.227,0.357,0.132,0.223,0.16,0.16,0.199,0.227,0.231,0.235,0.172,0.235,0.187,0.18,0.18,0.219,0.195,0.187,0.215,0.203,0.203,0.219,0.211,0.266,0.258,0.262,0.191,0.235,0.239,0.27,0.274,0.317,0.254,0.294,0.341,0.309,0.306,0.306,0.298,0.388,0.369,0.341,0.341,0.294,0.408,0.365,0.321,0.353,0.388,0.353,0.455,0.416,0.4,0.353,0.396,0.313,0.302,0.353,0.337,0.431,0.309,0.369,0.243,0.298,0.266,0.27,0.239,0.239,0.25,0.302,0.286,0.329,0.294,0.325,0.306,0.325,0.29,0.361,0.302,0.494,0.388,0.329,0.345,0.526,0.506,0.447,0.479,0.53,0.51,0.565,0.471,0.487,0.475
0.132,0.152,0.14,0.156,0.156,0.176,0.168,0.168,0.42,0.302,0.128,0.12,0.164,0.168,0.14,0.215,0.195,0.211,0.203,0.164,0.187,0.156,0.203,0.227,0.156,0.183,0.231,0.211,0.246,0.215,0.25,0.258,0.266,0.199,0.243,0.262,0.211,0.274,0.298,0.254,0.235,0.309,0.282,0.302,0.286,0.306,0.333,0.325,0.337,0.246,0.266,0.372,0.361,0.337,0.298,0.266,0.357,0.412,0.365,0.369,0.38,0.282,0.286,0.29,0.404,0.313,0.491,0.4,0.333,0.317,0.341,0.361,0.254,0.286,0.219,0.211,0.231,0.243,0.298,0.325,0.306,0.278,0.282,0.29,0.404,0.467,0.345,0.266,0.29,0.29,0.467,0.565,0.514,0.467,0.459,0.471,0.518,0.388,0.42,0.467
0.136,0.148,0.16,0.148,0.148,0.16,0.152,0.172,0.317,0.431,0.144,0.136,0.144,0.16,0.156,0.148,0.18,0.176,0.168,0.168,0.176,0.168,0.172,0.239,0.164,0.254,0.176,0.207,0.239,0.215,0.239,0.266,0.239,0.191,0.294,0.266,0.254,0.306,0.227,0.302,0.243,0.278,0.333,0.258,0.294,0.298,0.309,0.286,0.286,0.243,0.239,0.325,0.337,0.392,0.392,0.357,0.372,0.392,0.302,0.266,0.254,0.266,0.298,0.325,0.42,0.4,0.384,0.341,0.357,0.313,0.337,0.278,0.262,0.317,0.262,0.243,0.215,0.246,0.274,0.274,0.262,0.302,0.333,0.459,0.42,0.554,0.365,0.345,0.365,0.463,0.491,0.443,0.388,0.388,0.451,0.479,0.431,0.372,0.329,0.309
0.156,0.152,0.152,0.164,0.148,0.132,0.144,0.132,0.235,0.459,0.18,0.124,0.148,0.144,0.132,0.14,0.144,0.156,0.16,0.16,0.168,0.164,0.172,0.152,0.168,0.176,0.172,0.231,0.227,0.211,0.246,0.254,0.235,0.223,0.239,0.262,0.235,0.223,0.258,0.262,0.266,0.286,0.313,0.29,0.278,0.345,0.345,0.337,0.302,0.239,0.274,0.306,0.38,0.365,0.353,0.392,0.388,0.384,0.384,0.306,0.27,0.274,0.325,0.4,0.353,0.424,0.357,0.345,0.365,0.435,0.369,0.302,0.27,0.286,0.262,0.25,0.246,0.235,0.302,0.302,0.266,0.27,0.309,0.333,0.42,0.538,0.546,0.333,0.412,0.388,0.345,0.369,0.384,0.369,0.416,0.361,0.329,0.353,0.274,0.231
0.168,0.156,0.16,0.164,0.172,0.14,0.144,0.128,0.136,0.569,0.12,0.144,0.168,0.156,0.148,0.187,0.172,0.136,0.164,0.172,0.144,0.172,0.183,0.152,0.148,0.172,0.18,0.211,0.219,0.207,0.254,0.223,0.235,0.231,0.262,0.25,0.266,0.227,0.278,0.294,0.321,0.278,0.321,0.321,0.25,0.349,0.302,0.294,0.258,0.258,0.325,0.302,0.29,0.38,0.372,0.384,0.4,0.365,0.388,0.439,0.408,0.353,0.4,0.333,0.321,0.329,0.431,0.408,0.431,0.388,0.408,0.313,0.372,0.298,0.298,0.254,0.298,0.38,0.286,0.333,0.337,0.317,0.337,0.447,0.431,0.337,0.25,0.542,0.357,0.254,0.286,0.302,0.384,0.554,0.372,0.514,0.384,0.435,0.376,0.27
0.172,0.16,0.152,0.128,0.164,0.18,0.144,0.132,0.14,0.408,0.117,0.136,0.156,0.215,0.16,0.176,0.164,0.148,0.14,0.195,0.191,0.152,0.172,0.18,0.168,0.172,0.168,0.187,0.183,0.211,0.235,0.211,0.199,0.195,0.254,0.266,0.278,0.302,0.25,0.282,0.329,0.298,0.306,0.333,0.317,0.329,0.345,0.309,0.254,0.274,0.325,0.357,0.349,0.38,0.392,0.412,0.38,0.353,0.404,0.38,0.388,0.416,0.431,0.365,0.357,0.384,0.459,0.4,0.365,0.451,0.424,0.302,0.317,0.372,0.384,0.294,0.298,0.526,0.325,0.365,0.278,0.337,0.309,0.282,0.412,0.376,0.396,0.258,0.243,0.298,0.309,0.215,0.309,0.526,0.557,0.475,0.471,0.526,0.617,0.471
0.144,0.16,0.16,0.172,0.187,0.18,0.156,0.156,0.124,0.412,0.152,0.144,0.168,0.172,0.16,0.203,0.172,0.156,0.156,0.16,0.191,0.168,0.156,0.176,0.176,0.195,0.187,0.18,0.191,0.219,0.195,0.183,0.191,0.207,0.18,0.231,0.211,0.262,0.246,0.258,0.258,0.223,0.298,0.278,0.258,0.329,0.278,0.262,0.294,0.337,0.384,0.388,0.361,0.309,0.396,0.321,0.321,0.353,0.365,0.372,0.361,0.309,0.349,0.357,0.357,0.4,0.365,0.392,0.365,0.4,0.365,0.345,0.376,0.298,0.294,0.325,0.329,0.404,0.345,0.353,0.365,0.353,0.258,0.25,0.337,0.392,0.376,0.329,0.345,0.298,0.25,0.309,0.294,0.388,0.408,0.565,0.439,0.565,0.514,0.561
0.148,0.124,0.132,0.136,0.144,0.18,0.148,0.152,0.148,0.298,0.235,0.144,0.148,0.172,0.191,0.172,0.164,0.16,0.168,0.156,0.195,0.164,0.164,0.172,0.18,0.18,0.191,0.18,0.191,0.183,0.191,0.176,0.195,0.227,0.191,0.183,0.223,0.223,0.361,0.25,0.27,0.274,0.286,0.266,0.258,0.286,0.325,0.325,0.262,0.274,0.38,0.372,0.337,0.349,0.369,0.376,0.325,0.337,0.349,0.357,0.329,0.345,0.333,0.396,0.345,0.349,0.298,0.309,0.298,0.357,0.325,0.38,0.392,0.266,0.29,0.286,0.329,0.306,0.317,0.369,0.27,0.246,0.294,0.29,0.353,0.353,0.365,0.321,0.309,0.333,0.246,0.29,0.357,0.29,0.29,0.431,0.526,0.487,0.613,0.514
0.144,0.144,0.136,0.14,0.136,0.16,0.183,0.156,0.132,0.152,0.345,0.152,0.148,0.152,0.156,0.152,0.168,0.144,0.172,0.164,0.168,0.148,0.16,0.18,0.235,0.191,0.16,0.18,0.176,0.176,0.18,0.215,0.215,0.183,0.187,0.187,0.176,0.231,0.239,0.372,0.321,0.306,0.27,0.27,0.29,0.325,0.25,0.329,0.306,0.294,0.298,0.325,0.38,0.329,0.353,0.333,0.294,0.29,0.353,0.306,0.243,0.274,0.235,0.313,0.298,0.321,0.345,0.38,0.274,0.309,0.333,0.365,0.349,0.345,0.29,0.262,0.282,0.313,0.321,0.27,0.29,0.317,0.341,0.42,0.365,0.317,0.341,0.313,0.306,0.298,0.321,0.278,0.329,0.309,0.262,0.29,0.561,0.447,0.412,0.494
0.14,0.14,0.14,0.132,0.117,0.16,0.172,0.172,0.16,0.207,0.514,0.168,0.16,0.168,0.156,0.16,0.16,0.176,0.18,0.172,0.168,0.164,0.164,0.172,0.211,0.211,0.211,0.191,0.187,0.176,0.286,0.215,0.176,0.215,0.191,0.18,0.183,0.243,0.231,0.235,0.29,0.262,0.309,0.27,0.337,0.306,0.258,0.262,0.298,0.282,0.321,0.365,0.325,0.329,0.353,0.306,0.278,0.282,0.29,0.321,0.302,0.298,0.258,0.294,0.313,0.321,0.298,0.333,0.298,0.302,0.302,0.321,0.357,0.317,0.274,0.262,0.282,0.392,0.302,0.306,0.459,0.313,0.38,0.404,0.349,0.372,0.321,0.282,0.302,0.337,0.317,0.302,0.309,0.278,0.27,0.412,0.577,0.337,0.652,0.565
0.144,0.132,0.117,0.128,0.16,0.191,0.239,0.176,0.164,0.254,0.199,0.183,0.164,0.172,0.168,0.156,0.16,0.183,0.168,0.183,0.164,0.152,0.183,0.172,0.207,0.203,0.191,0.18,0.183,0.176,0.183,0.199,0.199,0.203,0.219,0.203,0.191,0.203,0.195,0.235,0.29,0.258,0.298,0.29,0.341,0.329,0.25,0.262,0.282,0.239,0.317,0.372,0.349,0.306,0.325,0.317,0.369,0.337,0.313,0.333,0.384,0.274,0.25,0.258,0.298,0.309,0.345,0.341,0.404,0.361,0.388,0.329,0.321,0.337,0.309,0.266,0.27,0.325,0.313,0.384,0.435,0.329,0.514,0.447,0.353,0.337,0.278,0.302,0.333,0.262,0.325,0.341,0.25,0.243,0.341,0.404,0.538,0.585,0.601,0.569
0.148,0.144,0.144,0.128,0.148,0.191,0.428,0.557,0.376,0.27,0.168,0.187,0.164,0.18,0.16,0.148,0.14,0.168,0.195,0.168,0.152,0.164,0.187,0.176,0.18,0.183,0.195,0.172,0.207,0.164,0.191,0.246,0.187,0.172,0.219,0.191,0.187,0.176,0.215,0.219,0.246,0.29,0.294,0.239,0.254,0.294,0.317,0.298,0.25,0.231,0.321,0.357,0.262,0.294,0.298,0.302,0.333,0.329,0.349,0.329,0.365,0.384,0.262,0.266,0.235,0.306,0.357,0.357,0.274,0.278,0.286,0.262,0.278,0.282,0.325,0.341,0.246,0.349,0.317,0.286,0.408,0.357,0.522,0.317,0.325,0.361,0.282,0.235,0.231,0.298,0.286,0.306,0.294,0.321,0.294,0.258,0.435,0.475,0.424,0.428
0.148,0.152,0.14,0.14,0.136,0.14,0.18,0.164,0.136,0.128,0.404,0.203,0.183,0.183,0.16,0.16,0.156,0.172,0.152,0.148,0.164,0.183,0.195,0.18,0.191,0.168,0.172,0.16,0.199,0.156,0.219,0.223,0.195,0.203,0.199,0.168,0.18,0.176,0.227,0.239,0.211,0.243,0.266,0.266,0.27,0.309,0.325,0.313,0.27,0.227,0.282,0.29,0.29,0.282,0.266,0.306,0.298,0.282,0.282,0.353,0.333,0.369,0.278,0.278,0.313,0.345,0.404,0.357,0.258,0.274,0.337,0.321,0.286,0.302,0.302,0.325,0.341,0.313,0.262,0.506,0.538,0.538,0.298,0.357,0.302,0.333,0.235,0.223,0.29,0.262,0.274,0.325,0.333,0.294,0.376,0.431,0.573,0.573,0.526,0.408
0.144,0.144,0.156,0.144,0.156,0.172,0.152,0.148,0.156,0.266,0.219,0.176,0.176,0.183,0.203,0.199,0.172,0.16,0.136,0.148,0.176,0.176,0.172,0.172,0.164,0.183,0.168,0.164,0.191,0.172,0.183,0.227,0.239,0.254,0.183,0.168,0.187,0.207,0.243,0.25,0.254,0.219,0.239,0.243,0.27,0.266,0.29,0.313,0.231,0.262,0.302,0.243,0.258,0.274,0.258,0.227,0.278,0.294,0.329,0.325,0.365,0.38,0.262,0.254,0.313,0.278,0.396,0.424,0.298,0.266,0.321,0.317,0.376,0.302,0.329,0.302,0.372,0.302,0.357,0.372,0.483,0.542,0.408,0.321,0.333,0.345,0.254,0.333,0.309,0.309,0.392,0.597,0.278,0.254,0.353,0.396,0.573,0.589,0.605,0.573
0.144,0.144,0.148,0.168,0.16,0.152,0.172,0.207,0.207,0.156,0.18,0.172,0.16,0.176,0.187,0.183,0.183,0.16,0.168,0.176,0.187,0.183,0.176,0.172,0.172,0.195,0.172,0.187,0.211,0.183,0.207,0.191,0.262,0.254,0.187,0.183,0.172,0.243,0.211,0.223,0.235,0.278,0.266,0.25,0.25,0.258,0.282,0.294,0.207,0.258,0.298,0.325,0.294,0.274,0.254,0.254,0.294,0.266,0.306,0.341,0.349,0.294,0.266,0.353,0.353,0.258,0.235,0.254,0.239,0.243,0.266,0.321,0.302,0.309,0.27,0.341,0.246,0.349,0.439,0.309,0.321,0.298,0.325,0.282,0.329,0.353,0.388,0.309,0.522,0.443,0.278,0.317,0.396,0.487,0.487,0.561,0.609,0.569,0.593,0.554
0.14,0.144,0.16,0.168,0.16,0.16,0.195,0.176,0.18,0.172,0.164,0.164,0.144,0.156,0.156,0.164,0.144,0.148,0.18,0.183,0.199,0.176,0.18,0.18,0.183,0.195,0.187,0.191,0.211,0.183,0.187,0.191,0.211,0.195,0.191,0.243,0.219,0.243,0.246,0.243,0.262,0.298,0.246,0.27,0.231,0.262,0.274,0.262,0.223,0.25,0.302,0.294,0.313,0.282,0.235,0.266,0.278,0.309,0.306,0.274,0.361,0.333,0.333,0.282,0.341,0.313,0.266,0.258,0.25,0.235,0.274,0.294,0.282,0.333,0.274,0.246,0.341,0.309,0.329,0.282,0.282,0.274,0.266,0.345,0.298,0.388,0.29,0.298,0.333,0.333,0.325,0.353,0.29,0.317,0.313,0.451,0.372,0.447,0.518,0.514
0.148,0.152,0.136,0.148,0.164,0.168,0.176,0.195,0.191,0.172,0.136,0.132,0.132,0.164,0.148,0.144,0.148,0.164,0.183,0.172,0.18,0.176,0.172,0.187,0.18,0.211,0.172,0.164,0.199,0.203,0.203,0.191,0.176,0.199,0.18,0.243,0.223,0.239,0.239,0.258,0.333,0.317,0.25,0.227,0.191,0.258,0.243,0.25,0.203,0.231,0.27,0.274,0.227,0.302,0.282,0.282,0.286,0.278,0.306,0.282,0.258,0.302,0.313,0.306,0.243,0.262,0.266,0.29,0.262,0.235,0.243,0.27,0.353,0.361,0.211,0.317,0.313,0.302,0.246,0.27,0.294,0.329,0.313,0.306,0.325,0.365,0.313,0.258,0.266,0.262,0.278,0.424,0.266,0.258,0.254,0.274,0.325,0.365,0.337,0.534
0.152,0.144,0.148,0.152,0.164,0.168,0.164,0.172,0.191,0.18,0.144,0.136,0.132,0.152,0.152,0.144,0.148,0.16,0.164,0.176,0.168,0.183,0.235,0.227,0.183,0.16,0.176,0.152,0.199,0.172,0.18,0.183,0.203,0.215,0.207,0.235,0.235,0.239,0.258,0.294,0.286,0.302,0.286,0.246,0.235,0.207,0.294,0.243,0.246,0.246,0.25,0.294,0.246,0.278,0.27,0.313,0.266,0.298,0.25,0.282,0.25,0.294,0.246,0.396,0.266,0.278,0.258,0.254,0.294,0.274,0.302,0.309,0.333,0.345,0.313,0.294,0.254,0.243,0.266,0.306,0.302,0.286,0.341,0.333,0.317,0.278,0.239,0.294,0.302,0.266,0.337,0.345,0.329,0.243,0.294,0.372,0.341,0.408,0.502,0.613
0.148,0.14,0.144,0.144,0.156,0.164,0.172,0.152,0.199,0.144,0.172,0.16,0.164,0.16,0.164,0.16,0.16,0.156,0.168,0.176,0.168,0.191,0.195,0.203,0.18,0.199,0.164,0.164,0.172,0.195,0.187,0.199,0.203,0.207,0.246,0.211,0.231,0.262,0.258,0.345,0.29,0.298,0.274,0.231,0.298,0.235,0.286,0.227,0.29,0.294,0.262,0.329,0.27,0.313,0.266,0.29,0.286,0.361,0.298,0.286,0.274,0.254,0.282,0.254,0.27,0.274,0.246,0.274,0.278,0.29,0.254,0.258,0.266,0.294,0.309,0.262,0.282,0.239,0.298,0.266,0.266,0.25,0.333,0.321,0.286,0.239,0.25,0.302,0.329,0.349,0.455,0.392,0.309,0.309,0.404,0.439,0.455,0.392,0.463,0.609
0.14,0.14,0.144,0.148,0.148,0.156,0.16,0.16,0.18,0.18,0.176,0.199,0.172,0.172,0.148,0.16,0.176,0.164,0.16,0.168,0.195,0.223,0.203,0.183,0.172,0.18,0.168,0.168,0.18,0.191,0.172,0.183,0.191,0.231,0.203,0.219,0.231,0.25,0.262,0.29,0.219,0.274,0.266,0.27,0.258,0.266,0.262,0.239,0.274,0.266,0.227,0.239,0.266,0.246,0.266,0.298,0.258,0.262,0.29,0.302,0.258,0.278,0.309,0.329,0.282,0.243,0.258,0.27,0.282,0.231,0.262,0.243,0.282,0.298,0.27,0.309,0.294,0.231,0.286,0.278,0.254,0.239,0.309,0.262,0.235,0.298,0.282,0.254,0.262,0.306,0.294,0.372,0.329,0.42,0.345,0.42,0.471,0.447,0.471,0.648
0.144,0.144,0.14,0.144,0.136,0.16,0.156,0.164,0.203,0.195,0.187,0.168,0.172,0.176,0.156,0.164,0.176,0.164,0.168,0.144,0.168,0.187,0.211,0.168,0.191,0.195,0.172,0.183,0.168,0.211,0.183,0.191,0.215,0.27,0.227,0.223,0.231,0.235,0.306,0.286,0.219,0.258,0.278,0.274,0.223,0.235,0.298,0.215,0.239,0.302,0.258,0.223,0.337,0.306,0.266,0.239,0.298,0.278,0.266,0.325,0.243,0.349,0.333,0.329,0.286,0.333,0.246,0.258,0.246,0.25,0.302,0.353,0.282,0.254,0.231,0.266,0.215,0.199,0.243,0.199,0.27,0.25,0.286,0.274,0.246,0.223,0.309,0.231,0.286,0.4,0.321,0.353,0.369,0.435,0.451,0.396,0.302,0.313,0.412,0.502
0.14,0.148,0.144,0.132,0.164,0.164,0.168,0.18,0.199,0.195,0.187,0.168,0.168,0.156,0.176,0.211,0.266,0.152,0.144,0.156,0.144,0.176,0.203,0.199,0.199,0.203,0.172,0.191,0.18,0.227,0.187,0.191,0.227,0.258,0.246,0.258,0.29,0.306,0.313,0.235,0.243,0.282,0.274,0.266,0.231,0.25,0.25,0.219,0.231,0.27,0.298,0.286,0.219,0.329,0.239,0.262,0.258,0.278,0.282,0.278,0.227,0.306,0.313,0.313,0.306,0.317,0.25,0.243,0.243,0.298,0.321,0.246,0.262,0.207,0.246,0.258,0.266,0.195,0.199,0.294,0.29,0.333,0.298,0.313,0.345,0.357,0.29,0.349,0.337,0.376,0.357,0.341,0.404,0.294,0.443,0.274,0.463,0.42,0.522,0.656
0.144,0.156,0.156,0.16,0.18,0.172,0.172,0.183,0.172,0.195,0.195,0.18,0.16,0.294,0.168,0.199,0.227,0.14,0.14,0.128,0.14,0.16,0.187,0.199,0.183,0.203,0.187,0.203,0.199,0.223,0.183,0.195,0.16,0.124,0.246,0.266,0.29,0.317,0.298,0.274,0.298,0.325,0.266,0.278,0.266,0.211,0.286,0.203,0.219,0.227,0.298,0.282,0.25,0.223,0.278,0.38,0.278,0.329,0.302,0.243,0.274,0.235,0.309,0.306,0.282,0.286,0.246,0.286,0.333,0.333,0.258,0.258,0.266,0.258,0.317,0.243,0.223,0.215,0.298,0.258,0.278,0.302,0.365,0.309,0.313,0.258,0.313,0.309,0.266,0.25,0.235,0.309,0.416,0.294,0.372,0.353,0.431,0.424,0.518,0.483
0.152,0.148,0.164,0.164,0.176,0.183,0.172,0.168,0.172,0.195,0.183,0.164,0.199,0.239,0.144,0.203,0.235,0.144,0.132,0.14,0.128,0.144,0.148,0.18,0.223,0.207,0.203,0.191,0.191,0.235,0.199,0.207,0.246,0.207,0.27,0.29,0.317,0.286,0.274,0.306,0.258,0.286,0.262,0.282,0.294,0.227,0.306,0.187,0.254,0.243,0.258,0.274,0.235,0.25,0.302,0.333,0.321,0.333,0.341,0.286,0.309,0.294,0.266,0.215,0.239,0.199,0.313,0.243,0.207,0.239,0.309,0.235,0.274,0.207,0.254,0.223,0.215,0.207,0.278,0.231,0.25,0.306,0.246,0.286,0.282,0.231,0.243,0.239,0.243,0.231,0.215,0.231,0.274,0.254,0.313,0.325,0.309,0.53,0.68,0.64
0.152,0.168,0.156,0.148,0.156,0.176,0.148,0.144,0.164,0.168,0.168,0.172,0.14,0.12,0.105,0.132,0.211,0.14,0.128,0.124,0.124,0.136,0.152,0.164,0.203,0.195,0.215,0.191,0.211,0.211,0.199,0.219,0.235,0.258,0.306,0.325,0.266,0.278,0.294,0.266,0.239,0.282,0.294,0.337,0.302,0.306,0.325,0.231,0.27,0.298,0.235,0.317,0.254,0.353,0.313,0.243,0.266,0.298,0.286,0.282,0.333,0.294,0.183,0.341,0.369,0.254,0.203,0.258,0.294,0.243,0.258,0.29,0.254,0.195,0.219,0.246,0.18,0.219,0.235,0.254,0.329,0.282,0.223,0.25,0.235,0.286,0.266,0.227,0.231,0.223,0.231,0.286,0.27,0.274,0.298,0.286,0.29,0.565,0.538,0.605
0.144,0.148,0.164,0.152,0.176,0.16,0.132,0.156,0.144,0.14,0.132,0.16,0.152,0.124,0.097,0.109,0.183,0.124,0.124,0.117,0.117,0.132,0.128,0.16,0.176,0.191,0.207,0.211,0.254,0.195,0.223,0.207,0.223,0.266,0.29,0.282,0.258,0.239,0.258,0.278,0.294,0.29,0.306,0.309,0.302,0.341,0.262,0.219,0.215,0.365,0.203,0.329,0.325,0.329,0.313,0.266,0.309,0.278,0.353,0.353,0.302,0.353,0.353,0.27,0.243,0.282,0.286,0.262,0.282,0.286,0.309,0.254,0.294,0.282,0.266,0.302,0.254,0.274,0.258,0.329,0.29,0.235,0.317,0.302,0.243,0.266,0.262,0.168,0.211,0.219,0.187,0.266,0.27,0.286,0.306,0.29,0.376,0.42,0.534,0.585
0.152,0.148,0.176,0.172,0.18,0.172,0.16,0.144,0.132,0.132,0.14,0.144,0.176,0.144,0.109,0.14,0.152,0.14,0.124,0.132,0.113,0.113,0.144,0.176,0.195,0.187,0.207,0.243,0.215,0.215,0.223,0.243,0.266,0.309,0.282,0.274,0.195,0.235,0.254,0.282,0.239,0.278,0.278,0.294,0.286,0.306,0.227,0.199,0.207,0.274,0.274,0.349,0.254,0.266,0.286,0.333,0.298,0.262,0.246,0.278,0.337,0.349,0.235,0.215,0.239,0.227,0.282,0.243,0.278,0.349,0.337,0.396,0.361,0.337,0.376,0.353,0.302,0.341,0.258,0.306,0.27,0.211,0.207,0.239,0.384,0.282,0.27,0.294,0.195,0.223,0.243,0.258,0.266,0.329,0.302,0.29,0.463,0.526,0.597,0.554
0.156,0.156,0.164,0.172,0.168,0.16,0.136,0.132,0.132,0.144,0.14,0.148,0.18,0.187,0.172,0.152,0.168,0.132,0.12,0.113,0.12,0.136,0.211,0.183,0.211,0.199,0.231,0.211,0.203,0.231,0.211,0.227,0.246,0.262,0.306,0.282,0.309,0.274,0.266,0.329,0.266,0.321,0.223,0.302,0.349,0.266,0.211,0.278,0.223,0.313,0.29,0.27,0.223,0.337,0.325,0.321,0.294,0.325,0.306,0.329,0.302,0.25,0.231,0.215,0.25,0.211,0.231,0.262,0.302,0.333,0.294,0.278,0.274,0.357,0.321,0.404,0.392,0.388,0.227,0.191,0.258,0.392,0.294,0.404,0.278,0.258,0.29,0.306,0.219,0.306,0.278,0.282,0.27,0.306,0.341,0.38,0.483,0.522,0.526,0.498
0.144,0.156,0.164,0.152,0.164,0.152,0.152,0.109,0.124,0.128,0.136,0.164,0.18,0.16,0.156,0.156,0.14,0.132,0.117,0.117,0.124,0.14,0.183,0.195,0.207,0.235,0.199,0.203,0.219,0.219,0.231,0.25,0.254,0.27,0.274,0.29,0.274,0.27,0.254,0.298,0.278,0.282,0.219,0.317,0.337,0.29,0.333,0.369,0.313,0.286,0.333,0.309,0.313,0.321,0.353,0.4,0.286,0.266,0.325,0.25,0.215,0.203,0.199,0.211,0.215,0.191,0.183,0.262,0.325,0.274,0.333,0.306,0.278,0.27,0.29,0.29,0.416,0.333,0.369,0.254,0.361,0.227,0.345,0.455,0.412,0.439,0.309,0.325,0.388,0.298,0.278,0.239,0.286,0.487,0.384,0.396,0.396,0.447,0.53,0.435
0.168,0.152,0.18,0.16,0.16,0.152,0.144,0.117,0.12,0.128,0.132,0.14,0.148,0.148,0.191,0.183,0.124,0.101,0.101,0.101,0.148,0.18,0.207,0.183,0.187,0.203,0.207,0.211,0.227,0.243,0.227,0.227,0.246,0.239,0.298,0.302,0.258,0.345,0.313,0.266,0.258,0.27,0.25,0.317,0.353,0.428,0.321,0.384,0.361,0.313,0.333,0.341,0.365,0.235,0.357,0.333,0.313,0.286,0.246,0.266,0.227,0.183,0.172,0.211,0.203,0.207,0.227,0.274,0.262,0.298,0.243,0.29,0.372,0.278,0.345,0.384,0.431,0.365,0.195,0.321,0.286,0.333,0.266,0.254,0.282,0.274,0.369,0.353,0.349,0.306,0.345,0.306,0.337,0.522,0.498,0.565,0.439,0.471,0.494,0.412
0.16,0.156,0.164,0.164,0.144,0.132,0.136,0.12,0.109,0.132,0.128,0.156,0.156,0.132,0.207,0.195,0.132,0.101,0.105,0.124,0.148,0.187,0.215,0.187,0.207,0.195,0.183,0.219,0.227,0.203,0.239,0.246,0.243,0.294,0.306,0.298,0.25,0.321,0.239,0.27,0.274,0.243,0.27,0.286,0.341,0.345,0.388,0.313,0.345,0.317,0.266,0.321,0.349,0.325,0.388,0.317,0.317,0.278,0.231,0.215,0.191,0.172,0.227,0.203,0.27,0.239,0.231,0.254,0.25,0.306,0.29,0.27,0.361,0.298,0.294,0.345,0.321,0.235,0.243,0.246,0.211,0.254,0.313,0.341,0.313,0.254,0.29,0.282,0.239,0.258,0.286,0.313,0.483,0.447,0.487,0.459,0.557,0.459,0.463,0.384
0.172,0.18,0.16,0.152,0.136,0.132,0.14,0.136,0.12,0.14,0.16,0.164,0.16,0.172,0.187,0.152,0.152,0.109,0.136,0.144,0.168,0.191,0.183,0.199,0.199,0.195,0.203,0.246,0.278,0.239,0.231,0.298,0.329,0.294,0.286,0.266,0.286,0.313,0.317,0.239,0.219,0.25,0.286,0.317,0.392,0.396,0.329,0.235,0.353,0.329,0.353,0.345,0.325,0.294,0.313,0.294,0.302,0.266,0.215,0.176,0.223,0.172,0.211,0.246,0.325,0.254,0.195,0.262,0.223,0.325,0.309,0.313,0.313,0.294,0.341,0.321,0.254,0.191,0.27,0.317,0.254,0.239,0.317,0.29,0.313,0.278,0.278,0.266,0.302,0.306,0.258,0.246,0.42,0.475,0.4,0.447,0.593,0.491,0.408,0.4
0.172,0.164,0.176,0.156,0.152,0.14,0.14,0.136,0.117,0.124,0.144,0.176,0.191,0.191,0.203,0.195,0.195,0.144,0.172,0.176,0.187,0.18,0.187,0.199,0.223,0.215,0.219,0.266,0.266,0.274,0.29,0.309,0.29,0.298,0.294,0.25,0.337,0.298,0.345,0.282,0.254,0.254,0.278,0.266,0.27,0.298,0.325,0.357,0.357,0.325,0.294,0.266,0.353,0.333,0.27,0.25,0.262,0.231,0.199,0.211,0.187,0.215,0.227,0.282,0.431,0.357,0.353,0.353,0.357,0.262,0.266,0.282,0.321,0.27,0.369,0.27,0.203,0.219,0.191,0.262,0.243,0.231,0.266,0.258,0.266,0.29,0.207,0.254,0.219,0.278,0.258,0.306,0.561,0.573,0.435,0.487,0.613,0.506,0.467,0.518
0.191,0.191,0.195,0.148,0.148,0.148,0.16,0.152,0.136,0.148,0.14,0.136,0.191,0.164,0.195,0.219,0.187,0.168,0.199,0.183,0.183,0.176,0.18,0.199,0.231,0.223,0.25,0.27,0.27,0.298,0.306,0.286,0.29,0.306,0.262,0.286,0.325,0.27,0.286,0.274,0.278,0.321,0.262,0.309,0.286,0.353,0.282,0.243,0.278,0.341,0.254,0.294,0.286,0.282,0.227,0.235,0.254,0.215,0.262,0.215,0.262,0.455,0.274,0.313,0.353,0.369,0.274,0.27,0.266,0.227,0.227,0.278,0.246,0.376,0.223,0.211,0.203,0.25,0.313,0.235,0.321,0.282,0.235,0.325,0.27,0.302,0.227,0.286,0.239,0.27,0.306,0.439,0.439,0.561,0.467,0.522,0.593,0.542,0.585,0.518
0.18,0.176,0.183,0.18,0.16,0.144,0.152,0.168,0.16,0.16,0.172,0.176,0.183,0.124,0.187,0.191,0.195,0.207,0.191,0.183,0.195,0.187,0.18,0.207,0.223,0.191,0.254,0.262,0.254,0.294,0.262,0.325,0.325,0.298,0.282,0.325,0.294,0.223,0.282,0.231,0.258,0.25,0.243,0.27,0.298,0.333,0.29,0.183,0.262,0.231,0.329,0.231,0.294,0.29,0.341,0.294,0.313,0.353,0.349,0.25,0.298,0.357,0.266,0.148,0.27,0.306,0.262,0.258,0.254,0.298,0.227,0.274,0.29,0.191,0.29,0.215,0.211,0.29,0.274,0.29,0.239,0.286,0.345,0.246,0.329,0.309,0.219,0.215,0.258,0.278,0.302,0.424,0.514,0.561,0.502,0.644,0.644,0.617,0.656,0.589
0.172,0.18,0.18,0.172,0.203,0.176,0.168,0.18,0.16,0.176,0.172,0.168,0.176,0.187,0.207,0.282,0.219,0.183,0.164,0.172,0.176,0.183,0.183,0.191,0.215,0.243,0.243,0.258,0.25,0.246,0.258,0.333,0.329,0.313,0.29,0.317,0.317,0.278,0.325,0.313,0.302,0.298,0.227,0.25,0.309,0.361,0.357,0.302,0.29,0.262,0.341,0.309,0.286,0.302,0.329,0.345,0.317,0.29,0.298,0.313,0.396,0.353,0.274,0.309,0.27,0.286,0.254,0.325,0.298,0.369,0.361,0.345,0.298,0.187,0.172,0.246,0.199,0.246,0.235,0.199,0.25,0.258,0.282,0.246,0.317,0.302,0.243,0.235,0.219,0.396,0.404,0.617,0.565,0.613,0.609,0.589,0.538,0.601,0.617,0.585
0.152,0.18,0.187,0.195,0.207,0.191,0.14,0.148,0.152,0.183,0.156,0.132,0.187,0.18,0.187,0.211,0.278,0.176,0.152,0.16,0.152,0.18,0.187,0.211,0.191,0.25,0.246,0.231,0.27,0.282,0.29,0.325,0.313,0.231,0.258,0.317,0.333,0.25,0.333,0.29,0.27,0.266,0.266,0.262,0.369,0.392,0.349,0.321,0.357,0.341,0.278,0.235,0.262,0.254,0.325,0.306,0.321,0.412,0.42,0.294,0.325,0.361,0.42,0.408,0.408,0.302,0.254,0.239,0.258,0.27,0.282,0.231,0.203,0.302,0.29,0.18,0.227,0.203,0.239,0.25,0.29,0.246,0.258,0.27,0.258,0.266,0.258,0.282,0.294,0.471,0.62,0.557,0.573,0.624,0.601,0.624,0.624,0.605,0.601,0.573
0.187,0.18,0.187,0.187,0.207,0.195,0.164,0.144,0.183,0.176,0.172,0.183,0.25,0.211,0.219,0.219,0.258,0.211,0.164,0.16,0.203,0.176,0.16,0.203,0.207,0.211,0.195,0.211,0.211,0.262,0.341,0.349,0.325,0.223,0.246,0.298,0.215,0.278,0.345,0.302,0.243,0.294,0.278,0.345,0.282,0.341,0.325,0.329,0.243,0.262,0.254,0.317,0.361,0.416,0.396,0.443,0.428,0.258,0.431,0.435,0.298,0.298,0.321,0.321,0.278,0.329,0.239,0.246,0.243,0.199,0.231,0.211,0.211,0.187,0.262,0.278,0.203,0.235,0.25,0.246,0.239,0.231,0.302,0.286,0.392,0.309,0.388,0.313,0.396,0.479,0.628,0.691,0.628,0.636,0.597,0.601,0.589,0.617,0.601,0.593
0.187,0.199,0.203,0.195,0.207,0.227,0.215,0.199,0.199,0.207,0.172,0.16,0.176,0.176,0.16,0.183,0.219,0.211,0.219,0.164,0.136,0.156,0.16,0.168,0.176,0.18,0.176,0.187,0.243,0.243,0.274,0.321,0.27,0.294,0.298,0.262,0.29,0.258,0.321,0.254,0.294,0.282,0.246,0.243,0.243,0.306,0.321,0.313,0.302,0.349,0.369,0.369,0.384,0.443,0.443,0.459,0.494,0.443,0.435,0.428,0.317,0.29,0.313,0.294,0.333,0.388,0.4,0.294,0.286,0.337,0.258,0.246,0.195,0.203,0.231,0.223,0.337,0.298,0.266,0.313,0.341,0.357,0.479,0.349,0.29,0.392,0.435,0.443,0.451,0.491,0.617,0.695,0.68,0.652,0.624,0.628,0.644,0.64,0.628,0.62
0.156,0.199,0.187,0.215,0.223,0.219,0.199,0.207,0.195,0.176,0.148,0.14,0.124,0.148,0.136,0.16,0.156,0.187,0.187,0.191,0.16,0.156,0.156,0.168,0.164,0.168,0.195,0.18,0.207,0.266,0.266,0.27,0.274,0.262,0.243,0.235,0.266,0.298,0.306,0.286,0.25,0.357,0.309,0.357,0.353,0.302,0.353,0.369,0.361,0.392,0.38,0.396,0.345,0.4,0.412,0.416,0.443,0.502,0.467,0.451,0.384,0.274,0.278,0.321,0.404,0.408,0.302,0.329,0.345,0.369,0.294,0.215,0.231,0.231,0.246,0.25,0.254,0.384,0.388,0.4,0.361,0.298,0.357,0.522,0.313,0.321,0.38,0.408,0.589,0.443,0.428,0.538,0.64,0.636,0.687,0.652,0.573,0.546,0.632,0.64
0.172,0.183,0.195,0.203,0.215,0.227,0.203,0.195,0.215,0.187,0.128,0.156,0.128,0.128,0.156,0.132,0.144,0.18,0.187,0.246,0.183,0.16,0.168,0.168,0.199,0.183,0.183,0.199,0.105,0.27,0.266,0.239,0.207,0.258,0.223,0.282,0.254,0.227,0.262,0.286,0.243,0.325,0.306,0.317,0.357,0.369,0.443,0.416,0.388,0.345,0.384,0.392,0.424,0.443,0.42,0.428,0.502,0.514,0.447,0.416,0.309,0.246,0.294,0.282,0.349,0.491,0.475,0.424,0.329,0.286,0.231,0.365,0.302,0.235,0.309,0.266,0.27,0.585,0.628,0.435,0.534,0.459,0.62,0.601,0.617,0.656,0.652,0.648,0.691,0.443,0.321,0.463,0.424,0.609,0.628,0.676,0.628,0.597,0.624,0.676
0.195,0.199,0.207,0.215,0.227,0.195,0.199,0.164,0.203,0.219,0.168,0.12,0.132,0.136,0.128,0.148,0.14,0.164,0.172,0.227,0.156,0.16,0.168,0.176,0.191,0.176,0.187,0.25,0.243,0.266,0.239,0.215,0.203,0.223,0.207,0.258,0.262,0.29,0.286,0.309,0.313,0.353,0.369,0.357,0.392,0.396,0.455,0.424,0.416,0.38,0.424,0.42,0.388,0.443,0.447,0.463,0.494,0.483,0.463,0.439,0.337,0.266,0.306,0.286,0.321,0.502,0.546,0.376,0.345,0.321,0.211,0.235,0.254,0.258,0.258,0.274,0.365,0.62,0.644,0.534,0.341,0.416,0.636,0.687,0.676,0.703,0.648,0.609,0.66,0.439,0.443,0.546,0.561,0.64,0.628,0.573,0.605,0.561,0.577,0.62
0.191,0.191,0.203,0.235,0.199,0.168,0.16,0.172,0.199,0.239,0.239,0.156,0.128,0.128,0.14,0.144,0.16,0.156,0.176,0.156,0.16,0.187,0.207,0.191,0.211,0.215,0.16,0.191,0.235,0.329,0.231,0.211,0.243,0.246,0.27,0.211,0.207,0.27,0.384,0.333,0.302,0.349,0.404,0.42,0.412,0.376,0.435,0.42,0.404,0.4,0.349,0.424,0.4,0.408,0.408,0.447,0.475,0.443,0.451,0.313,0.388,0.282,0.306,0.286,0.349,0.569,0.514,0.357,0.333,0.29,0.231,0.187,0.239,0.294,0.239,0.258,0.266,0.4,0.609,0.601,0.388,0.636,0.66,0.628,0.687,0.676,0.676,0.695,0.561,0.491,0.451,0.451,0.534,0.62,0.514,0.522,0.585,0.573,0.617,0.617
0.187,0.215,0.215,0.211,0.187,0.199,0.168,0.172,0.18,0.231,0.219,0.219,0.187,0.136,0.191,0.148,0.148,0.156,0.164,0.164,0.16,0.168,0.18,0.187,0.223,0.254,0.243,0.313,0.321,0.337,0.219,0.231,0.227,0.231,0.231,0.302,0.274,0.266,0.302,0.369,0.302,0.317,0.416,0.424,0.431,0.38,0.416,0.428,0.435,0.369,0.459,0.431,0.455,0.455,0.455,0.372,0.459,0.506,0.447,0.349,0.357,0.306,0.298,0.302,0.349,0.459,0.38,0.38,0.298,0.262,0.25,0.207,0.215,0.357,0.286,0.27,0.258,0.306,0.365,0.384,0.526,0.577,0.628,0.593,0.64,0.672,0.668,0.691,0.439,0.431,0.428,0.384,0.443,0.546,0.455,0.459,0.542,0.542,0.593,0.617
0.18,0.183,0.207,0.152,0.132,0.14,0.152,0.172,0.195,0.302,0.239,0.223,0.211,0.203,0.199,0.203,0.172,0.18,0.176,0.164,0.168,0.183,0.164,0.191,0.258,0.254,0.274,0.25,0.235,0.25,0.239,0.306,0.203,0.306,0.333,0.341,0.286,0.282,0.309,0.408,0.384,0.361,0.388,0.42,0.369,0.372,0.412,0.451,0.404,0.361,0.424,0.467,0.439,0.447,0.475,0.435,0.451,0.451,0.333,0.428,0.384,0.309,0.325,0.286,0.337,0.439,0.416,0.471,0.329,0.25,0.309,0.223,0.254,0.302,0.246,0.262,0.302,0.29,0.302,0.388,0.353,0.522,0.624,0.644,0.664,0.66,0.683,0.53,0.526,0.38,0.534,0.479,0.518,0.412,0.554,0.569,0.51,0.494,0.538,0.64
0.183,0.195,0.18,0.148,0.14,0.148,0.152,0.172,0.243,0.187,0.239,0.219,0.207,0.223,0.207,0.207,0.183,0.187,0.239,0.156,0.207,0.235,0.215,0.207,0.25,0.262,0.278,0.262,0.29,0.254,0.282,0.278,0.345,0.341,0.298,0.187,0.294,0.309,0.361,0.388,0.365,0.361,0.361,0.365,0.333,0.361,0.384,0.357,0.38,0.384,0.408,0.439,0.455,0.471,0.443,0.428,0.408,0.4,0.416,0.321,0.408,0.337,0.306,0.254,0.384,0.491,0.463,0.416,0.337,0.246,0.274,0.286,0.254,0.258,0.274,0.235,0.231,0.187,0.262,0.27,0.369,0.577,0.664,0.652,0.577,0.557,0.447,0.491,0.274,0.384,0.514,0.597,0.573,0.388,0.42,0.597,0.589,0.447,0.53,0.569
0.203,0.187,0.187,0.14,0.152,0.152,0.168,0.152,0.215,0.223,0.191,0.254,0.207,0.18,0.176,0.187,0.18,0.183,0.199,0.187,0.278,0.262,0.274,0.309,0.258,0.191,0.239,0.246,0.27,0.262,0.243,0.27,0.317,0.266,0.243,0.266,0.309,0.404,0.357,0.38,0.357,0.294,0.349,0.353,0.337,0.349,0.376,0.412,0.321,0.392,0.416,0.376,0.502,0.447,0.392,0.451,0.451,0.321,0.443,0.392,0.294,0.294,0.313,0.294,0.298,0.38,0.412,0.396,0.337,0.27,0.258,0.294,0.317,0.278,0.317,0.274,0.282,0.239,0.29,0.447,0.388,0.522,0.581,0.652,0.644,0.672,0.672,0.542,0.392,0.38,0.502,0.565,0.589,0.408,0.286,0.502,0.683,0.451,0.518,0.542
0.195,0.176,0.144,0.156,0.16,0.172,0.176,0.16,0.176,0.191,0.191,0.243,0.246,0.219,0.18,0.168,0.183,0.211,0.199,0.219,0.235,0.25,0.246,0.27,0.262,0.195,0.199,0.235,0.219,0.258,0.329,0.282,0.29,0.231,0.286,0.302,0.333,0.388,0.388,0.404,0.337,0.325,0.349,0.349,0.412,0.428,0.475,0.408,0.439,0.431,0.467,0.487,0.471,0.463,0.424,0.471,0.475,0.435,0.345,0.309,0.29,0.357,0.325,0.329,0.309,0.349,0.341,0.321,0.361,0.282,0.294,0.321,0.372,0.298,0.333,0.302,0.321,0.317,0.365,0.589,0.664,0.672,0.664,0.593,0.557,0.589,0.538,0.514,0.51,0.29,0.479,0.341,0.451,0.451,0.38,0.353,0.554,0.632,0.53,0.554
0.211,0.176,0.168,0.156,0.148,0.183,0.168,0.172,0.183,0.183,0.187,0.235,0.235,0.227,0.223,0.199,0.187,0.156,0.203,0.215,0.239,0.262,0.266,0.278,0.262,0.191,0.207,0.246,0.29,0.341,0.337,0.246,0.262,0.258,0.294,0.341,0.353,0.357,0.333,0.412,0.317,0.349,0.349,0.412,0.424,0.365,0.361,0.42,0.443,0.42,0.451,0.494,0.526,0.42,0.42,0.435,0.396,0.357,0.353,0.345,0.286,0.349,0.282,0.325,0.29,0.309,0.345,0.384,0.286,0.286,0.321,0.258,0.294,0.345,0.345,0.313,0.317,0.286,0.396,0.656,0.699,0.573,0.585,0.546,0.483,0.483,0.494,0.557,0.518,0.392,0.518,0.282,0.431,0.333,0.341,0.349,0.459,0.557,0.542,0.589
0.211,0.199,0.243,0.156,0.16,0.172,0.16,0.176,0.172,0.187,0.223,0.258,0.215,0.243,0.211,0.243,0.235,0.191,0.191,0.203,0.231,0.239,0.246,0.227,0.227,0.223,0.325,0.321,0.369,0.369,0.302,0.25,0.321,0.321,0.306,0.329,0.337,0.392,0.412,0.333,0.353,0.337,0.361,0.404,0.435,0.361,0.337,0.376,0.388,0.455,0.447,0.518,0.463,0.459,0.439,0.361,0.329,0.294,0.294,0.294,0.266,0.278,0.298,0.345,0.309,0.321,0.266,0.428,0.329,0.306,0.313,0.306,0.278,0.306,0.306,0.365,0.329,0.309,0.349,0.447,0.514,0.561,0.581,0.506,0.609,0.483,0.62,0.585,0.565,0.428,0.53,0.561,0.491,0.345,0.455,0.392,0.498,0.522,0.565,0.542
0.203,0.215,0.187,0.148,0.18,0.172,0.18,0.187,0.176,0.187,0.199,0.239,0.227,0.207,0.227,0.223,0.266,0.258,0.239,0.239,0.239,0.239,0.231,0.215,0.282,0.361,0.309,0.321,0.286,0.294,0.164,0.262,0.321,0.337,0.325,0.309,0.321,0.333,0.365,0.384,0.384,0.353,0.392,0.313,0.353,0.372,0.321,0.42,0.353,0.404,0.435,0.483,0.506,0.329,0.369,0.349,0.274,0.258,0.231,0.345,0.266,0.235,0.313,0.278,0.309,0.313,0.325,0.451,0.302,0.353,0.349,0.325,0.274,0.302,0.321,0.345,0.376,0.365,0.376,0.51,0.51,0.542,0.557,0.483,0.581,0.569,0.64,0.597,0.502,0.309,0.514,0.412,0.372,0.451,0.471,0.361,0.487,0.506,0.526,0.534
0.207,0.203,0.199,0.176,0.203,0.187,0.148,0.168,0.176,0.176,0.191,0.211,0.227,0.207,0.211,0.227,0.239,0.223,0.231,0.266,0.254,0.231,0.235,0.294,0.306,0.302,0.235,0.258,0.262,0.199,0.144,0.235,0.313,0.313,0.349,0.396,0.404,0.404,0.365,0.38,0.325,0.392,0.357,0.357,0.341,0.424,0.487,0.369,0.337,0.341,0.463,0.428,0.388,0.376,0.372,0.471,0.313,0.266,0.298,0.286,0.329,0.282,0.333,0.282,0.302,0.341,0.333,0.349,0.459,0.341,0.302,0.38,0.416,0.369,0.396,0.349,0.451,0.455,0.561,0.491,0.483,0.435,0.475,0.502,0.483,0.42,0.506,0.451,0.459,0.463,0.467,0.538,0.428,0.329,0.451,0.4,0.479,0.494,0.51,0.613
0.199,0.191,0.195,0.211,0.191,0.183,0.18,0.183,0.18,0.176,0.172,0.195,0.223,0.211,0.203,0.223,0.239,0.246,0.191,0.235,0.243,0.266,0.274,0.317,0.278,0.239,0.246,0.266,0.306,0.294,0.258,0.298,0.329,0.349,0.424,0.361,0.361,0.459,0.361,0.424,0.431,0.443,0.392,0.372,0.428,0.333,0.408,0.396,0.439,0.396,0.447,0.372,0.435,0.455,0.42,0.38,0.25,0.321,0.329,0.27,0.345,0.333,0.29,0.337,0.353,0.317,0.349,0.337,0.424,0.455,0.443,0.435,0.376,0.408,0.365,0.424,0.428,0.483,0.447,0.636,0.55,0.569,0.491,0.463,0.534,0.557,0.652,0.471,0.557,0.581,0.735,0.68,0.546,0.475,0.325,0.313,0.372,0.498,0.624,0.597
0.211,0.223,0.223,0.219,0.195,0.203,0.183,0.191,0.176,0.195,0.191,0.219,0.211,0.203,0.25,0.176,0.211,0.223,0.235,0.219,0.306,0.329,0.341,0.235,0.278,0.258,0.274,0.282,0.302,0.325,0.266,0.274,0.317,0.38,0.365,0.439,0.376,0.365,0.404,0.361,0.435,0.404,0.396,0.424,0.439,0.357,0.353,0.431,0.282,0.392,0.376,0.463,0.554,0.396,0.431,0.329,0.337,0.408,0.313,0.27,0.396,0.313,0.325,0.361,0.353,0.325,0.313,0.333,0.333,0.408,0.439,0.404,0.404,0.353,0.388,0.443,0.384,0.573,0.487,0.53,0.439,0.443,0.479,0.569,0.628,0.632,0.534,0.538,0.542,0.542,0.609,0.699,0.703,0.593,0.573,0.573,0.652,0.746,0.64,0.498
0.215,0.183,0.191,0.199,0.211,0.219,0.203,0.211,0.183,0.176,0.215,0.187,0.254,0.211,0.187,0.203,0.215,0.207,0.246,0.25,0.412,0.266,0.25,0.29,0.341,0.369,0.428,0.349,0.341,0.286,0.274,0.298,0.325,0.392,0.369,0.294,0.329,0.306,0.372,0.369,0.353,0.337,0.384,0.475,0.439,0.518,0.447,0.467,0.435,0.384,0.428,0.447,0.435,0.467,0.447,0.498,0.542,0.309,0.384,0.321,0.294,0.341,0.392,0.341,0.329,0.372,0.384,0.38,0.258,0.329,0.302,0.372,0.428,0.455,0.353,0.424,0.376,0.396,0.589,0.68,0.66,0.66,0.412,0.518,0.51,0.428,0.589,0.538,0.447,0.542,0.522,0.55,0.467,0.491,0.412,0.459,0.428,0.451,0.522,0.534
0.187,0.187,0.195,0.195,0.219,0.219,0.18,0.176,0.191,0.203,0.254,0.203,0.246,0.199,0.195,0.199,0.235,0.246,0.27,0.254,0.243,0.243,0.223,0.239,0.29,0.294,0.286,0.329,0.306,0.321,0.325,0.298,0.365,0.376,0.428,0.404,0.349,0.349,0.475,0.388,0.376,0.404,0.475,0.51,0.51,0.471,0.467,0.416,0.404,0.384,0.357,0.502,0.428,0.435,0.396,0.345,0.475,0.357,0.42,0.278,0.278,0.294,0.306,0.337,0.353,0.29,0.337,0.337,0.274,0.345,0.369,0.369,0.353,0.4,0.388,0.361,0.404,0.491,0.628,0.672,0.676,0.494,0.554,0.435,0.392,0.475,0.617,0.644,0.581,0.605,0.538,0.479,0.412,0.408,0.345,0.392,0.412,0.538,0.483,0.534
0.156,0.187,0.18,0.227,0.211,0.219,0.199,0.195,0.207,0.211,0.203,0.207,0.223,0.223,0.211,0.227,0.246,0.274,0.337,0.325,0.313,0.211,0.207,0.258,0.294,0.29,0.325,0.357,0.329,0.361,0.317,0.321,0.321,0.435,0.341,0.333,0.353,0.439,0.431,0.384,0.306,0.376,0.522,0.53,0.53,0.487,0.459,0.376,0.463,0.443,0.463,0.518,0.534,0.483,0.514,0.554,0.298,0.396,0.294,0.349,0.333,0.258,0.294,0.341,0.376,0.321,0.321,0.341,0.365,0.309,0.29,0.243,0.337,0.325,0.286,0.392,0.471,0.546,0.443,0.53,0.479,0.408,0.479,0.502,0.546,0.565,0.487,0.593,0.593,0.546,0.534,0.408,0.353,0.392,0.376,0.455,0.451,0.483,0.431,0.514
0.183,0.18,0.172,0.18,0.235,0.235,0.207,0.207,0.239,0.286,0.215,0.231,0.227,0.239,0.191,0.223,0.329,0.207,0.25,0.227,0.195,0.235,0.235,0.266,0.286,0.302,0.302,0.357,0.341,0.396,0.341,0.321,0.29,0.412,0.341,0.38,0.494,0.451,0.431,0.467,0.467,0.479,0.546,0.542,0.494,0.372,0.443,0.365,0.388,0.369,0.345,0.498,0.514,0.506,0.439,0.294,0.337,0.313,0.329,0.341,0.29,0.313,0.325,0.298,0.424,0.365,0.376,0.376,0.282,0.266,0.294,0.384,0.388,0.42,0.396,0.38,0.416,0.463,0.388,0.42,0.376,0.435,0.424,0.55,0.593,0.479,0.475,0.648,0.664,0.624,0.672,0.585,0.396,0.514,0.518,0.542,0.605,0.62,0.494,0.538
0.183,0.191,0.191,0.199,0.211,0.235,0.254,0.266,0.239,0.341,0.243,0.231,NaN,NaN,0.231,0.317,0.278,0.376,0.278,0.207,0.207,0.203,0.211,0.274,0.29,0.294,0.337,0.341,0.341,0.333,0.333,0.333,0.329,0.439,0.483,0.408,0.447,0.459,0.471,0.475,0.341,0.498,0.53,0.561,0.538,0.451,0.479,0.459,0.353,0.384,0.435,0.471,0.463,0.435,0.384,0.388,0.467,0.384,0.286,0.298,0.349,0.321,0.349,0.404,0.455,0.349,0.306,0.266,0.313,0.317,0.309,0.306,0.365,0.365,0.483,0.443,0.443,0.392,0.372,0.4,0.428,0.455,0.475,0.491,0.487,0.424,0.439,0.522,0.506,0.498,0.577,0.66,0.656,0.68,0.699,0.589,0.565,0.475,0.376,0.514
0.187,0.18,0.187,0.18,0.183,0.211,0.239,0.25,0.274,0.278,0.25,0.239,NaN,NaN,0.392,0.369,0.262,0.274,0.278,0.243,0.239,0.231,0.243,0.27,0.27,0.282,0.313,0.337,0.345,0.298,0.313,0.306,0.313,0.337,0.494,0.451,0.443,0.388,0.408,0.4,0.447,0.317,0.392,0.522,0.435,0.435,0.404,0.428,0.388,0.475,0.416,0.341,0.349,0.412,0.412,0.333,0.4,0.317,0.353,0.258,0.274,0.384,0.302,0.404,0.372,0.435,0.309,0.274,0.369,0.298,0.345,0.337,0.4,0.439,0.451,0.424,0.388,0.439,0.424,0.384,0.42,0.526,0.494,0.424,0.475,0.463,0.435,0.463,0.648,0.589,0.668,0.491,0.522,0.565,0.652,0.664,0.597,0.609,0.542,0.53
0.183,0.195,0.183,0.203,0.211,0.223,0.266,0.294,0.27,0.274,0.231,0.246,0.227,0.266,0.376,0.215,0.262,0.325,0.384,0.313,0.298,0.246,0.282,0.282,0.266,0.302,0.309,0.282,0.333,0.337,0.345,0.317,0.337,0.38,0.443,0.4,0.396,0.4,0.416,0.435,0.404,0.467,0.455,0.479,0.585,0.498,0.435,0.42,0.408,0.376,0.329,0.329,0.369,0.349,0.365,0.376,0.266,0.298,0.317,0.42,0.361,0.384,0.538,0.471,0.38,0.585,0.325,0.317,0.282,0.329,0.309,0.408,0.431,0.475,0.494,0.443,0.408,0.353,0.357,0.491,0.467,0.479,0.538,0.455,0.514,0.491,0.483,0.483,0.585,0.691,0.664,0.652,0.715,0.64,0.68,0.66,0.676,0.652,0.668,0.581
0.195,0.199,0.223,0.239,0.223,0.243,0.258,0.278,0.266,0.286,0.274,0.294,0.278,0.309,0.365,0.203,0.274,0.27,0.345,0.388,0.298,0.274,0.29,0.27,0.317,0.309,0.313,0.325,0.388,0.443,0.447,0.337,0.333,0.357,0.428,0.365,0.388,0.42,0.42,0.439,0.483,0.467,0.51,0.581,0.557,0.522,0.502,0.475,0.384,0.369,0.42,0.581,0.302,0.329,0.459,0.435,0.243,0.254,0.266,0.353,0.353,0.506,0.313,0.349,0.506,0.424,0.337,0.313,0.376,0.408,0.317,0.38,0.392,0.573,0.561,0.565,0.522,0.491,0.353,0.494,0.435,0.502,0.542,0.518,0.494,0.491,0.577,0.593,0.589,0.632,0.699,0.687,0.723,0.739,0.703,0.735,0.77,0.743,0.778,0.786
0.27,0.25,0.239,0.254,0.282,0.25,0.278,0.266,0.286,0.282,0.27,0.306,0.309,0.435,0.361,0.282,0.321,0.349,0.416,0.372,0.369,0.349,0.27,0.282,0.286,0.325,0.341,0.329,0.392,0.416,0.435,0.42,0.467,0.455,0.388,0.443,0.42,0.42,0.384,0.396,0.396,0.443,0.392,0.569,0.518,0.479,0.498,0.51,0.471,0.439,0.451,0.554,0.42,0.306,0.282,0.514,0.321,0.246,0.341,0.306,0.29,0.333,0.361,0.384,0.4,0.463,0.408,0.502,0.384,0.361,0.365,0.353,0.435,0.668,0.542,0.463,0.455,0.502,0.494,0.502,0.471,0.498,0.569,0.565,0.561,0.502,0.632,0.569,0.672,0.62,0.672,0.691,0.727,0.723,0.758,0.806,0.806,0.802,0.774,0.766
0.282,0.282,0.309,0.278,0.29,0.309,0.317,0.321,0.329,0.313,0.278,0.235,0.266,0.341,0.294,0.306,0.337,0.4,0.388,0.349,0.388,0.376,0.353,0.294,0.266,0.341,0.329,0.369,0.424,0.435,0.439,0.463,0.467,0.435,0.369,0.341,0.337,0.353,0.349,0.412,0.384,0.455,0.408,0.396,0.424,0.491,0.526,0.542,0.479,0.542,0.467,0.546,0.443,0.309,0.321,0.306,0.412,0.286,0.25,0.617,0.388,0.337,0.424,0.439,0.526,0.435,0.372,0.479,0.439,0.471,0.376,0.396,0.42,0.577,0.542,0.483,0.51,0.55,0.565,0.605,0.569,0.53,0.561,0.609,0.565,0.628,0.522,0.609,0.573,0.573,0.554,0.601,0.668,0.778,0.778,0.79,0.813,0.762,0.723,0.778
0.333,0.372,0.321,0.294,0.294,0.246,0.25,0.329,0.302,0.309,0.29,0.262,0.239,0.266,0.317,0.321,0.349,0.302,0.333,0.345,0.341,0.313,0.317,0.302,0.361,0.365,0.365,0.298,0.302,0.361,0.396,0.408,0.372,0.329,0.369,0.306,0.29,0.274,0.282,0.302,0.392,0.546,0.542,0.491,0.447,0.455,0.463,0.609,0.55,0.369,0.388,0.333,0.325,0.337,0.309,0.306,0.306,0.321,0.227,0.29,0.369,0.361,0.372,0.518,0.439,0.392,0.416,0.396,0.388,0.526,0.361,0.333,0.404,0.463,0.546,0.514,0.526,0.581,0.617,0.561,0.573,0.561,0.589,0.569,0.561,0.542,0.565,0.577,0.585,0.648,0.699,0.561,0.731,0.723,0.774,0.806,0.739,0.719,0.766,0.786
0.376,0.388,0.361,0.408,0.372,0.317,0.286,0.266,0.298,0.302,0.278,0.266,0.27,0.321,0.294,0.309,0.337,0.357,0.384,0.365,0.38,0.376,0.349,0.365,0.404,0.353,0.345,0.317,0.309,0.306,0.341,0.298,0.349,0.357,0.266,0.29,0.278,0.274,0.219,0.223,0.254,0.424,0.439,0.439,0.416,0.526,0.597,0.569,0.601,0.609,0.609,0.62,0.557,0.526,0.306,0.337,0.396,0.404,0.361,0.29,0.274,0.345,0.431,0.408,0.416,0.325,0.506,0.479,0.439,0.424,0.459,0.321,0.408,0.502,0.683,0.66,0.601,0.585,0.62,0.624,0.644,0.573,0.585,0.538,0.62,0.542,0.542,0.617,0.64,0.668,0.66,0.593,0.597,0.723,0.79,0.79,0.731,0.735,0.758,0.77
0.388,0.384,0.369,0.353,0.306,0.306,0.321,0.097,0.243,0.223,0.278,0.199,0.278,0.396,0.349,0.341,0.349,0.372,0.388,0.424,0.435,0.372,0.471,0.408,0.408,0.404,0.388,0.357,0.274,0.274,0.321,0.376,0.455,0.451,0.349,0.42,0.361,0.329,0.254,0.243,0.282,0.266,0.306,0.361,0.443,0.538,0.491,0.577,0.62,0.589,0.494,0.424,0.424,0.424,0.333,0.306,0.278,0.298,0.294,0.435,0.376,0.369,0.479,0.479,0.388,0.38,0.451,0.353,0.416,0.298,0.317,0.4,0.459,0.577,0.593,0.593,0.636,0.542,0.613,0.664,0.691,0.617,0.577,0.609,0.597,0.593,0.593,0.628,0.636,0.672,0.664,0.628,0.668,0.739,0.774,0.782,0.778,0.75,0.778,0.79
0.365,0.365,0.392,0.376,0.353,0.321,0.274,0.246,0.243,0.235,0.239,0.262,0.266,0.404,0.353,0.302,0.376,0.361,0.38,0.42,0.392,0.416,0.412,0.239,0.306,0.408,0.372,0.239,0.333,0.29,0.357,0.337,0.258,0.29,0.29,0.321,0.298,0.266,0.258,0.341,0.353,0.361,0.392,0.412,0.428,0.424,0.404,0.42,0.546,0.514,0.447,0.384,0.479,0.302,0.506,0.243,0.266,0.309,0.286,0.246,0.298,0.357,0.38,0.392,0.341,0.341,0.42,0.286,0.392,0.321,0.376,0.357,0.526,0.573,0.593,0.632,0.557,0.609,0.664,0.66,0.656,0.636,0.624,0.601,0.554,0.605,0.609,0.62,0.715,0.687,0.601,0.668,0.699,0.735,0.77,0.766,0.809,0.778,0.774,0.723
0.4,0.388,0.404,0.337,0.282,0.313,0.317,0.219,0.195,0.235,0.148,0.262,0.325,0.325,0.321,0.38,0.404,0.404,0.38,0.408,0.447,0.329,0.294,0.286,0.329,0.345,0.302,0.278,0.309,0.365,0.341,0.306,0.341,0.298,0.321,0.298,0.282,0.262,0.278,0.309,0.325,0.329,0.396,0.538,0.424,0.435,0.51,0.514,0.487,0.404,0.361,0.384,0.4,0.329,0.266,0.254,0.29,0.254,0.298,0.243,0.317,0.341,0.388,0.321,0.349,0.357,0.451,0.357,0.443,0.349,0.396,0.353,0.62,0.613,0.64,0.64,0.546,0.64,0.64,0.664,0.691,0.613,0.636,0.569,0.601,0.624,0.628,0.565,0.75,0.719,0.605,0.699,0.75,0.746,0.762,0.794,0.79,0.79,0.77,0.754
0.376,0.392,0.396,0.388,0.4,0.317,0.333,0.278,0.223,0.231,0.27,0.258,0.404,0.376,0.321,0.349,0.294,0.376,0.424,0.435,0.317,0.187,0.254,0.365,0.435,0.455,0.467,0.491,0.526,0.412,0.365,0.321,0.306,0.317,0.349,0.4,0.467,0.534,0.443,0.353,0.404,0.345,0.317,0.388,0.392,0.372,0.443,0.282,0.396,0.471,0.369,0.404,0.408,0.435,0.294,0.337,0.298,0.372,0.357,0.306,0.274,0.294,0.357,0.424,0.357,0.357,0.369,0.408,0.298,0.455,0.542,0.487,0.443,0.64,0.64,0.695,0.597,0.613,0.691,0.703,0.719,0.66,0.644,0.636,0.593,0.644,0.565,0.64,0.778,0.68,0.613,0.644,0.699,0.727,0.766,0.786,0.802,0.75,0.758,0.731
0.361,0.345,0.357,0.349,0.369,0.306,0.309,0.274,0.266,0.25,0.243,0.306,0.317,0.361,0.329,0.408,0.329,0.38,0.408,0.404,0.27,0.254,0.219,0.29,0.424,0.412,0.392,0.349,0.341,0.325,0.38,0.388,0.353,0.459,0.384,0.384,0.357,0.349,0.309,0.278,0.321,0.451,0.325,0.349,0.447,0.333,0.258,0.309,0.262,0.498,0.278,0.357,0.372,0.42,0.333,0.361,0.376,0.479,0.498,0.443,0.329,0.435,0.388,0.4,0.306,0.365,0.384,0.494,0.487,0.4,0.38,0.514,0.439,0.573,0.605,0.569,0.443,0.632,0.683,0.656,0.624,0.64,0.601,0.62,0.632,0.617,0.64,0.632,0.652,0.644,0.636,0.656,0.676,0.727,0.79,0.778,0.798,0.719,0.695,0.683
0.254,0.27,0.341,0.25,0.246,0.333,0.306,0.266,0.27,0.302,0.274,0.329,0.329,0.302,0.424,0.353,0.408,0.369,0.404,0.349,0.298,0.274,0.337,0.412,0.494,0.404,0.298,0.372,0.365,0.321,0.321,0.361,0.349,0.302,0.313,0.333,0.266,0.294,0.329,0.353,0.42,0.309,0.392,0.357,0.274,0.306,0.278,0.306,0.254,0.412,0.29,0.4,0.372,0.443,0.392,0.317,0.4,0.392,0.369,0.369,0.341,0.361,0.408,0.396,0.109,0.353,0.337,0.463,0.491,0.408,0.522,0.53,0.593,0.554,0.581,0.569,0.557,0.668,0.691,0.672,0.664,0.624,0.68,0.644,0.609,0.569,0.577,0.589,0.695,0.668,0.739,0.656,0.648,0.743,0.794,0.778,0.798,0.613,0.569,0.628
0.254,0.223,0.246,0.274,0.274,0.302,0.321,0.29,0.337,0.412,0.341,0.333,0.333,0.321,0.337,0.392,0.451,0.392,0.404,0.325,0.325,0.239,0.459,0.471,0.518,0.424,0.412,0.321,0.306,0.317,0.317,0.341,0.353,0.392,0.309,0.353,0.337,0.42,0.369,0.53,0.66,0.648,0.435,0.459,0.317,0.282,0.262,0.243,0.243,0.302,0.349,0.439,0.526,0.585,0.325,0.337,0.396,0.388,0.329,0.345,0.341,0.376,0.365,0.4,0.337,0.428,0.38,0.483,0.542,0.557,0.55,0.542,0.64,0.609,0.676,0.632,0.613,0.656,0.605,0.652,0.62,0.605,0.62,0.676,0.644,0.613,0.664,0.68,0.656,0.664,0.719,0.727,0.68,0.731,0.754,0.79,0.727,0.542,0.518,0.491
0.369,0.337,0.302,0.254,0.246,0.309,0.29,0.258,0.282,0.333,0.459,0.337,0.333,0.369,0.357,0.428,0.357,0.345,0.42,0.258,0.294,0.345,0.459,0.467,0.447,0.278,0.282,0.313,0.317,0.38,0.349,0.361,0.329,0.349,0.317,0.522,0.479,0.439,0.652,0.557,0.459,0.392,0.333,0.38,0.306,0.235,0.317,0.317,0.369,0.294,0.396,0.392,0.554,0.475,0.321,0.333,0.329,0.392,0.408,0.4,0.337,0.424,0.487,0.392,0.384,0.29,0.392,0.447,0.483,0.518,0.569,0.538,0.605,0.683,0.691,0.593,0.561,0.664,0.691,0.656,0.683,0.652,0.652,0.64,0.687,0.628,0.636,0.672,0.636,0.668,0.766,0.77,0.77,0.766,0.79,0.806,0.743,0.573,0.518,0.439
0.317,0.431,NaN,0.231,0.266,0.306,0.325,0.246,0.278,0.369,0.329,0.353,0.431,0.357,0.357,0.372,0.404,0.431,0.313,0.428,0.29,0.365,0.309,0.51,0.341,0.254,0.266,0.278,0.329,0.369,0.341,0.333,0.498,0.565,0.573,0.353,0.475,0.463,0.613,0.479,0.557,0.435,0.384,0.463,0.412,0.29,0.325,0.302,0.29,0.298,0.428,0.278,0.459,0.282,0.309,0.294,0.372,0.372,0.431,0.455,0.439,0.475,0.392,0.313,0.487,0.258,0.412,0.412,0.412,0.585,0.613,0.632,0.557,0.609,0.62,0.652,0.62,0.573,0.66,0.601,0.439,0.613,0.624,0.632,0.644,0.652,0.703,0.683,0.79,0.766,0.754,0.806,0.794,0.727,0.77,0.798,0.66,0.565,0.565,0.455
